,Unnamed: 0,Country Name,Country Code,2017,total_population,Region,Victims_per_1000_population,Est. number of people in modern slavery,Factor One Governance Issues,Factor Two Nourishment and Access,Factor Three Inequality,Factor Four Disenfranchised Groups,Factor Five Effects of Conflict,"Final overall (normalised, weighted) vulnerability score",Support survivors,%,Criminal justice,%.1,Coordination,%.2,NEG Government  complicity (1.4.3),NEG State-imposed forced labour (1.8.1),Address risk,%.3,Supply chains,%.4,SUM/104,SUM Neg,TOTAL,Credit rating,HDI_Rank,Education_Access_Score,gdp_2017,gdp_per_capita
0,2,Angola,AGO,-7397295409.189909,27859000.0,Africa,7.2,199000.0,60.2,43.4,48.2,48.5,19.8,62.3,2.8,31.5,0.8,13.9,1.8,43.8,-1.0,0.0,3.8,54.8,0.0,0.0,9.3,-1.0,29.5,CC,149.0,0.474212067,122124000000.0,4384.0
1,3,Albania,ALB,1022757857.0737699,2923000.0,Europe and Central Asia,6.9,20000.0,46.0,20.7,44.3,48.4,27.0,45.2,6.6,72.8,3.8,63.3,2.8,68.8,-1.0,0.0,4.7,66.7,0.0,0.0,17.8,-1.0,59.9,BB,95.0,0.608519363,13019693451.0,4454.0
2,6,United Arab Emirates,ARE,10354223000.0,9154000.0,Arab States,1.7,15000.0,47.9,15.1,24.7,7.8,11.9,26.8,5.7,63.0,2.5,41.1,2.3,56.3,0.0,0.0,3.0,42.9,0.0,0.0,13.4,0.0,47.8,B,40.0,0.673214954,385606000000.0,42124.0
3,7,Argentina,ARG,11516861462.2845,43418000.0,Americas,1.3,55000.0,39.3,11.4,45.0,23.6,13.4,28.9,6.3,70.0,4.2,70.6,2.5,62.5,-1.0,0.0,5.5,78.6,0.0,0.0,18.5,-1.0,62.6,BBB,49.0,0.783355597,642696000000.0,14803.0
4,8,Armenia,ARM,250935110.23913905,2917000.0,Europe and Central Asia,5.3,16000.0,51.1,18.9,33.8,46.3,22.1,43.6,4.9,54.6,3.1,51.1,2.3,56.3,0.0,0.0,4.7,66.7,0.0,0.0,14.9,0.0,53.2,BB,87.0,0.701366667,11527458566.0,3952.0
5,11,Australia,AUS,47541126471.9733,23800000.0,Asia and the Pacific,0.6,15000.0,11.9,15.7,20.7,12.0,13.0,4.3,6.3,69.6,4.5,75.0,2.3,56.3,0.0,0.0,4.8,69.0,0.0,0.0,17.9,0.0,63.8,BBB,2.0,0.92653552,1330140000000.0,55888.0
6,12,Austria,AUT,13520042221.9993,8679000.0,Europe and Central Asia,1.7,15000.0,12.6,12.2,18.2,23.5,3.1,3.4,6.6,72.8,3.7,61.1,2.8,68.8,0.0,0.0,4.3,61.9,0.4,18.3,17.7,0.0,63.1,BBB,21.0,0.794481027,418316000000.0,48199.0
7,13,Azerbaijan,AZE,2867487000.0,9617000.0,Europe and Central Asia,4.5,43000.0,60.3,21.2,23.9,35.7,32.5,47.8,2.5,28.0,4.3,71.7,2.5,62.5,0.0,0.0,4.2,59.5,0.0,0.0,13.5,0.0,48.2,B,76.0,0.699777778,40865558912.0,4249.0
8,14,Burundi,BDI,316473.449369742,10199000.0,Africa,40.0,408000.0,72.4,42.6,42.1,48.1,41.7,72.9,2.0,22.2,0.7,11.1,0.5,12.5,-1.0,-1.0,1.8,26.2,0.0,0.0,5.0,-2.0,10.7,C,180.0,0.370088889,3172292379.0,311.0
9,15,Belgium,BEL,-36143116556.5224,11288000.0,Europe and Central Asia,2.0,23000.0,20.0,15.0,29.9,19.3,12.3,13.1,6.5,72.2,3.2,53.9,3.5,87.5,0.0,0.0,5.2,73.8,0.7,36.7,19.1,0.0,68.3,BBB,21.0,0.812291688,503789000000.0,44630.0
10,16,Benin,BEN,134502871.197888,10576000.0,Africa,5.5,58000.0,51.1,28.8,39.9,35.3,15.8,45.0,2.8,30.6,1.9,31.7,2.3,56.3,0.0,0.0,3.7,52.4,0.0,0.0,10.6,0.0,37.7,CCC,165.0,0.413555556,12701656931.0,1201.0
11,17,Burkina Faso,BFA,2572690.32188177,18111000.0,Africa,4.5,82000.0,58.4,31.6,40.3,35.2,26.2,53.1,3.4,38.1,1.8,30.0,1.8,43.8,0.0,0.0,3.0,42.9,0.0,0.0,10.0,0.0,35.7,CCC,181.0,0.250033333,14169905602.0,782.0
12,18,Bangladesh,BGD,1810395803.56746,161201000.0,Asia and the Pacific,3.7,592000.0,54.1,38.4,25.7,20.9,45.3,50.0,3.9,43.1,3.8,63.3,2.8,68.8,-1.0,0.0,3.0,42.9,0.0,0.0,13.4,-1.0,44.4,B,142.0,0.446880445,249711000000.0,1549.0
13,19,Bulgaria,BGR,2020340000.0,7177000.0,Europe and Central Asia,4.5,32000.0,33.0,14.7,43.3,44.1,17.4,31.3,5.4,59.8,3.0,49.4,2.3,56.3,0.0,0.0,4.7,66.7,0.4,18.3,15.6,0.0,55.8,BB,58.0,0.749407205,58950125036.0,8214.0
14,20,Bahrain,BHR,518882978.723404,1372000.0,Arab States,1.9,3000.0,63.0,25.8,34.5,24.0,25.4,49.6,5.0,55.2,2.2,37.2,0.8,18.8,-1.0,0.0,2.2,31.0,0.0,0.0,10.1,-1.0,32.6,CCC,44.0,0.713966667,35423643617.0,25819.0
15,22,Bosnia and Herzegovina,BIH,464142734.223779,3536000.0,Europe and Central Asia,3.4,12000.0,52.0,16.4,31.7,50.7,34.1,46.4,5.4,60.2,2.9,47.8,1.0,25.0,-1.0,0.0,5.3,76.2,0.0,0.0,14.6,-1.0,48.6,B,86.0,0.655318208,18080118128.0,5113.0
16,23,Belarus,BLR,1276300000.0,9486000.0,Europe and Central Asia,10.9,103000.0,64.9,16.7,23.9,39.4,20.8,47.3,4.4,48.9,1.7,27.8,1.5,37.5,0.0,-1.0,4.7,66.7,0.0,0.0,12.2,-1.0,40.1,B,53.0,0.819984164,54726595249.0,5769.0
17,27,Brazil,BRA,68885072605.58,205962000.0,Americas,1.8,369000.0,43.1,13.6,56.2,19.8,24.0,36.4,3.5,38.9,2.9,47.8,3.5,87.5,0.0,0.0,5.2,73.8,0.5,26.7,15.6,0.0,55.6,BB,79.0,0.661305629,2062830000000.0,10016.0
18,28,Barbados,BRB,286157362.7436,284000.0,Americas,2.7,1000.0,47.6,14.3,52.5,47.8,9.2,41.9,4.8,53.3,1.6,26.1,1.5,37.5,0.0,0.0,3.2,45.2,0.0,0.0,11.0,0.0,39.4,CCC,59.0,0.739777778,4978000000.0,17528.0
19,29,Brunei Darussalam,BRN,467927550.316567,418000.0,Asia and the Pacific,10.9,5000.0,53.5,30.9,31.7,41.2,18.2,47.2,1.6,17.8,1.2,19.4,0.0,0.0,0.0,0.0,3.0,42.9,0.0,0.0,5.8,0.0,20.6,CC,30.0,0.692111111,12128104859.0,29015.0
20,31,Botswana,BWA,177114236.206951,2209000.0,Africa,3.4,8000.0,43.3,37.9,37.3,37.6,9.7,42.1,2.9,32.2,2.7,45.6,1.5,37.5,-1.0,0.0,3.2,45.2,0.0,0.0,10.3,-1.0,33.2,CCC,109.0,0.619,17405538618.0,7879.0
21,32,Central African Republic,CAF,6871735.8718,4546000.0,Africa,22.3,101000.0,85.4,50.2,62.7,58.0,81.6,100.0,-0.3,-3.7,0.0,0.6,0.5,12.5,-1.0,0.0,1.5,21.4,0.0,0.0,1.7,-1.0,2.5,D,185.0,0.317866667,2072350151.0,456.0
22,33,Canada,CAN,29109803320.4342,35950000.0,Americas,0.5,17000.0,16.6,20.7,20.1,9.2,21.5,10.2,4.7,52.4,4.4,72.8,3.0,75.0,0.0,0.0,4.3,61.9,0.0,0.0,16.4,0.0,58.6,BB,8.0,0.8503,1649880000000.0,45894.0
23,35,Switzerland,CHE,129383657783.443,8320000.0,Europe and Central Asia,1.7,14000.0,11.6,12.2,15.2,20.1,4.9,1.5,6.0,66.7,3.6,60.6,1.5,37.5,0.0,0.0,5.7,81.0,0.0,0.0,16.8,0.0,60.0,BBB,3.0,0.844089209,679950000000.0,81725.0
24,37,Chile,CHL,5852183238.92468,17763000.0,Americas,0.8,14000.0,28.5,13.8,50.0,23.5,20.3,25.6,6.9,76.5,3.2,53.9,2.0,50.0,0.0,0.0,5.3,76.2,0.0,0.0,17.5,0.0,62.3,BBB,41.0,0.745675257,277045000000.0,15597.0
25,38,China,CHN,166083755721.64902,1397029000.0,Asia and the Pacific,2.8,3864000.0,61.4,20.5,26.9,32.4,44.2,50.6,2.1,23.5,1.8,29.4,1.8,43.8,-1.0,-1.0,3.7,52.4,0.4,18.3,9.7,-2.0,27.4,CC,91.0,0.609666667,12310400000000.0,8812.0
26,40,Cameroon,CMR,814458940.927625,22835000.0,Africa,6.9,157000.0,65.9,36.5,46.2,46.3,53.9,69.6,2.4,26.7,1.5,24.4,0.8,18.8,-1.0,0.0,3.5,50.0,0.0,0.0,8.1,-1.0,25.4,CC,152.0,0.485788889,35009262788.0,1533.0
27,43,Colombia,COL,13836696227.15,48229000.0,Americas,2.7,131000.0,45.7,19.2,56.4,32.6,63.5,51.6,3.6,40.4,2.5,42.2,2.5,62.5,-1.0,-1.0,4.8,69.0,0.0,0.0,13.5,-2.0,41.1,B,98.0,0.602222411,311884000000.0,6467.0
28,46,Costa Rica,CRI,2856006597.34999,4808000.0,Americas,1.3,6000.0,35.2,16.7,40.7,29.4,12.2,28.4,4.8,53.7,2.5,41.7,2.5,62.5,0.0,0.0,4.2,59.5,0.0,0.0,14.0,0.0,50.0,BB,68.0,0.653921604,58481858043.0,12163.0
30,51,Cyprus,CYP,18360048657.1823,1161000.0,Europe and Central Asia,4.2,5000.0,24.5,16.7,32.6,29.7,10.1,19.1,6.1,68.1,4.7,77.8,2.3,56.3,0.0,0.0,4.3,61.9,0.4,18.3,17.8,0.0,63.4,BBB,32.0,0.776198377,22638608224.0,19499.0
31,52,Czech Republic,CZE,11234740946.0941,10604000.0,Europe and Central Asia,2.9,31000.0,25.1,13.9,21.0,37.1,18.2,19.1,4.2,47.0,3.3,54.4,3.3,81.3,0.0,0.0,3.5,50.0,0.6,28.3,14.8,0.0,52.9,BB,28.0,0.866222222,215914000000.0,20362.0
32,53,Germany,DEU,118225590102.648,81708000.0,Europe and Central Asia,2.0,167000.0,15.9,15.0,22.8,15.7,24.7,10.4,5.6,61.7,3.5,57.8,2.3,56.3,0.0,0.0,4.0,57.1,0.7,36.7,16.0,0.0,57.1,BB,6.0,0.884371952,3665800000000.0,44865.0
33,54,Djibouti,DJI,164933603.421112,927000.0,Africa,7.1,7000.0,66.8,38.0,33.9,48.1,21.3,61.2,2.7,30.4,2.6,42.8,1.3,31.3,0.0,0.0,3.3,47.6,0.0,0.0,9.9,0.0,35.3,CCC,170.0,0.305877778,2751461056.0,2968.0
34,56,Denmark,DNK,3376912366.96593,5689000.0,Europe and Central Asia,1.6,9000.0,8.7,15.3,13.8,15.2,12.5,1.0,5.6,62.6,3.4,56.1,2.0,50.0,0.0,0.0,4.8,69.0,0.6,28.3,16.4,0.0,58.6,BB,10.0,0.872826055,329417000000.0,57904.0
35,57,Dominican Republic,DOM,3597900000.0,10528000.0,Americas,4.0,42000.0,42.5,28.7,46.1,38.8,21.8,43.1,6.2,69.1,4.7,78.3,1.5,37.5,-1.0,0.0,4.8,69.0,0.0,0.0,17.3,-1.0,58.0,BB,102.0,0.590170542,79997975622.0,7599.0
36,58,Algeria,DZA,1200965279.93224,39872000.0,Africa,2.7,106000.0,63.2,17.9,27.8,37.0,43.6,52.0,2.7,29.4,2.8,47.2,1.5,37.5,0.0,0.0,3.2,45.2,0.0,0.0,10.2,0.0,36.3,CCC,93.0,0.642588889,167389000000.0,4198.0
37,64,Ecuador,ECU,624545412.259196,16144000.0,Americas,2.4,39000.0,46.0,23.0,46.4,29.1,23.0,41.3,5.5,61.1,3.3,55.6,1.5,37.5,-1.0,0.0,3.7,52.4,0.0,0.0,14.0,-1.0,46.4,B,98.0,0.5938375,104296000000.0,6460.0
38,68,Spain,ESP,24978595612.8996,46398000.0,Europe and Central Asia,2.3,105000.0,17.2,18.3,33.5,15.1,14.2,12.8,7.1,79.3,3.9,65.6,2.5,62.5,0.0,0.0,5.2,73.8,0.0,0.0,18.7,0.0,66.9,BBB,27.0,0.794396973,1312550000000.0,28289.0
39,69,Estonia,EST,1703867592.55708,1315000.0,Europe and Central Asia,3.6,5000.0,35.2,13.7,27.4,52.2,12.4,29.2,3.7,41.3,2.2,36.1,1.8,43.8,0.0,0.0,5.7,81.0,0.4,18.3,13.7,0.0,48.8,B,33.0,0.858533333,26859101054.0,20425.0
40,70,Ethiopia,ETH,4017159564.65434,99873000.0,Africa,6.1,614000.0,62.4,47.5,27.3,34.6,55.3,64.5,2.5,27.8,3.1,51.1,2.3,56.3,-1.0,0.0,3.3,47.6,0.0,0.0,11.2,-1.0,36.3,CCC,173.0,0.316521973,81770791971.0,819.0
41,73,Finland,FIN,16393910939.5675,5482000.0,Europe and Central Asia,1.7,9000.0,18.6,16.0,15.0,17.8,11.2,8.2,4.8,53.7,3.0,49.4,3.3,81.3,0.0,0.0,5.0,71.4,0.2,8.3,16.2,0.0,57.9,BB,24.0,0.815088889,255123000000.0,46538.0
42,75,France,FRA,37559363019.0513,64457000.0,Europe and Central Asia,2.0,129000.0,17.3,15.4,29.4,21.2,28.5,15.3,3.8,42.4,4.3,71.7,3.8,93.8,0.0,0.0,5.0,71.4,0.4,18.3,17.2,0.0,61.5,BBB,20.0,0.815549416,2595150000000.0,40262.0
43,78,Gabon,GAB,1498038420.0471,1930000.0,Africa,4.8,9000.0,56.5,27.1,36.6,47.5,12.4,49.1,2.5,27.8,0.7,11.7,1.3,31.3,0.0,0.0,2.3,33.3,0.0,0.0,6.8,0.0,24.2,CC,112.0,0.589333333,14929488771.0,7735.0
44,79,United Kingdom,GBR,121254600398.257,65397000.0,Europe and Central Asia,2.1,136000.0,15.9,15.6,25.1,12.4,27.8,11.1,7.4,82.0,4.3,73.9,2.5,62.5,0.0,0.0,5.2,73.8,0.5,26.7,20.2,0.0,71.5,BBB*,14.0,0.860260145,2666230000000.0,40770.0
45,80,Georgia,GEO,1902468436.8,3952000.0,Europe and Central Asia,4.3,17000.0,41.5,19.3,33.9,43.9,31.4,39.2,6.7,74.1,3.8,63.9,2.3,56.3,0.0,0.0,4.8,69.0,0.0,0.0,17.6,0.0,62.8,BBB,79.0,0.770333333,16242916916.0,4110.0
46,81,Ghana,GHA,3254990000.0,27583000.0,Africa,4.8,133000.0,52.6,29.1,42.0,53.7,21.6,52.2,2.2,24.8,2.0,33.3,1.5,37.5,-1.0,0.0,2.8,40.5,0.2,8.3,8.7,-1.0,27.6,CC,138.0,0.552744444,58998132330.0,2139.0
47,83,Guinea,GIN,577590000.0,12092000.0,Africa,7.8,94000.0,68.3,32.4,54.7,46.4,28.6,66.3,0.8,8.7,0.6,10.6,1.5,37.5,-1.0,0.0,3.5,50.0,0.0,0.0,6.4,-1.0,19.3,C,179.0,0.294444733,10336634799.0,855.0
48,85,Guinea-Bissau,GNB,15652439.964706302,1771000.0,Africa,7.5,13000.0,77.8,40.1,47.6,44.1,17.1,70.5,0.7,7.4,1.9,31.1,1.3,31.3,0.0,0.0,1.5,21.4,0.0,0.0,5.3,0.0,18.9,C,177.0,0.325333333,1346841897.0,760.0
49,86,Equatorial Guinea,GNQ,304074312.3261,1175000.0,Africa,6.4,7000.0,68.4,40.8,36.7,48.5,10.1,61.7,0.3,3.7,0.7,12.2,0.5,12.5,-1.0,0.0,1.8,26.2,0.0,0.0,3.4,-1.0,8.6,D,144.0,0.414911111,12200914930.0,10384.0
50,87,Greece,GRC,3439131879.75518,11218000.0,Europe and Central Asia,7.9,89000.0,38.5,14.4,36.4,56.0,23.6,37.1,6.2,68.5,4.0,66.1,1.8,43.8,0.0,0.0,3.2,45.2,0.4,18.3,15.4,0.0,55.1,BB,29.0,0.796988551,203588000000.0,18148.0
51,90,Guatemala,GTM,998344470.0,16252000.0,Americas,2.9,47000.0,51.0,25.8,58.1,40.9,27.4,52.1,3.8,42.2,1.5,25.6,2.5,62.5,0.0,0.0,4.8,69.0,0.0,0.0,12.7,0.0,45.2,B,125.0,0.483879889,71612352781.0,4406.0
52,92,Guyana,GUY,327343651.21783,769000.0,Americas,2.6,2000.0,49.5,25.6,60.4,28.1,12.4,45.4,3.0,33.1,2.7,44.4,1.0,25.0,-1.0,0.0,3.2,45.2,0.0,0.0,9.8,-1.0,31.5,CCC,121.0,0.581655556,3555205811.0,4623.0
53,95,Honduras,HND,949955941.5177801,8961000.0,Americas,3.4,30000.0,55.5,26.5,58.9,36.5,32.7,55.5,2.5,27.6,1.5,25.6,2.5,62.5,0.0,0.0,3.8,54.8,0.0,0.0,10.4,0.0,37.0,CCC,129.0,0.504963149,23136232230.0,2582.0
54,97,Croatia,HRV,476823315.600372,4236000.0,Europe and Central Asia,6.0,25000.0,35.7,20.2,34.1,48.3,12.2,32.7,6.9,77.0,4.7,78.3,2.3,56.3,0.0,0.0,4.8,69.0,0.4,18.3,19.1,0.0,68.2,BBB,47.0,0.770334477,55319605061.0,13059.0
55,98,Haiti,HTI,374855000.0,10711000.0,Americas,5.6,59000.0,62.4,49.7,54.1,56.8,20.1,69.6,4.5,49.6,2.6,42.8,0.8,18.8,0.0,0.0,3.3,47.6,0.0,0.0,11.1,0.0,39.7,CCC,168.0,0.374277778,8409497402.0,785.0
56,99,Hungary,HUN,-12174325328.2763,9784000.0,Europe and Central Asia,3.7,36000.0,23.9,14.8,32.9,48.3,15.5,23.6,5.8,64.8,2.8,47.2,2.3,56.3,0.0,0.0,5.0,71.4,0.4,18.3,16.3,0.0,58.2,BB,43.0,0.804893768,141511000000.0,14464.0
57,104,Indonesia,IDN,20510310832.4469,258162000.0,Asia and the Pacific,4.7,1220000.0,43.7,38.0,35.8,53.3,32.2,50.5,4.3,47.8,3.6,60.0,2.0,50.0,0.0,0.0,4.3,61.9,0.0,0.0,14.2,0.0,50.8,BB,108.0,0.603136041,1015620000000.0,3934.0
58,107,India,IND,39966091358.7384,1309054000.0,Asia and the Pacific,6.1,7989000.0,46.2,29.8,32.4,41.1,80.0,55.5,4.2,46.3,3.2,53.3,2.3,56.3,0.0,0.0,3.2,45.2,0.0,0.0,12.8,0.0,45.7,B,135.0,0.472666667,2652750000000.0,2026.0
59,109,Ireland,IRL,58300808407.7812,4700000.0,Europe and Central Asia,1.7,8000.0,17.2,17.0,24.3,10.9,20.1,10.4,5.9,65.9,2.5,42.2,2.5,62.5,0.0,0.0,4.8,69.0,0.4,18.3,16.2,0.0,57.7,BB,11.0,0.887066667,335663000000.0,71418.0
60,112,Iceland,ISL,-6999892980.93709,330000.0,Europe and Central Asia,2.1,1000.0,20.6,11.7,21.1,4.1,1.8,4.2,4.4,48.7,3.3,54.4,1.5,37.5,0.0,0.0,3.7,52.4,0.2,8.3,13.0,0.0,46.4,B,13.0,0.846866667,24488176540.0,74207.0
61,113,Israel,ISR,18168900000.0,8065000.0,Europe and Central Asia,3.9,31000.0,35.8,19.1,27.5,48.5,38.6,36.4,5.2,57.2,3.4,56.1,1.8,43.8,0.0,0.0,4.3,61.9,0.0,0.0,14.6,0.0,52.1,BB,19.0,0.85426783,353253000000.0,43801.0
62,114,Italy,ITA,11138429977.1854,59504000.0,Europe and Central Asia,2.4,145000.0,31.7,14.4,45.4,31.0,19.3,28.3,5.3,58.3,4.7,78.9,2.0,50.0,-1.0,0.0,5.8,83.3,0.5,26.7,18.4,-1.0,62.0,BBB,26.0,0.789505799,1961800000000.0,32969.0
63,115,Jamaica,JAM,888835228.478601,2872000.0,Americas,2.6,7000.0,39.5,24.2,62.2,47.8,15.5,44.2,4.6,50.6,4.4,72.8,3.0,75.0,0.0,0.0,4.5,64.3,0.0,0.0,16.4,0.0,58.6,BB,96.0,0.668355556,14806340821.0,5155.0
64,116,Jordan,JOR,2029718309.85915,9159000.0,Arab States,1.8,17000.0,57.9,15.7,41.8,47.4,26.2,49.9,4.3,48.1,2.6,42.8,1.3,31.3,0.0,0.0,2.7,38.1,0.0,0.0,10.8,0.0,38.6,CCC,77.0,0.699725098,40708943662.0,4445.0
65,117,Japan,JPN,18802251208.1069,127975000.0,Asia and the Pacific,0.3,37000.0,21.5,13.1,15.5,31.9,17.8,13.8,3.9,43.5,2.7,44.4,1.5,37.5,-1.0,0.0,3.2,45.2,0.0,0.0,11.3,-1.0,36.6,CCC,17.0,0.808,4866860000000.0,38030.0
66,118,Kazakhstan,KAZ,4712631470.52606,17750000.0,Europe and Central Asia,4.2,75000.0,60.4,14.5,25.1,38.2,19.5,43.3,3.9,42.8,3.0,50.0,1.5,37.5,-1.0,0.0,1.8,26.2,0.0,0.0,10.2,-1.0,32.8,CCC,70.0,0.762266667,166806000000.0,9398.0
67,119,Kenya,KEN,671488392.8923299,47236000.0,Africa,6.9,328000.0,55.1,48.7,49.6,44.5,66.8,70.6,3.2,35.7,2.3,38.9,1.5,37.5,-1.0,0.0,4.2,59.5,0.0,0.0,11.2,-1.0,36.5,CCC,147.0,0.514555556,78965004656.0,1672.0
68,121,Cambodia,KHM,2788084321.65816,15518000.0,Asia and the Pacific,16.8,261000.0,66.3,38.5,41.6,56.7,14.8,63.5,3.6,40.4,2.8,46.7,1.8,43.8,0.0,0.0,2.3,33.3,0.0,0.0,10.5,0.0,37.6,CCC,136.0,0.495177778,22177200512.0,1429.0
69,125,Kuwait,KWT,113012065.007347,3936000.0,Arab States,1.5,6000.0,59.7,20.1,29.3,29.3,28.5,45.9,2.6,28.7,2.0,33.9,1.0,25.0,-1.0,0.0,3.2,45.2,0.0,0.0,8.8,-1.0,27.8,CC,46.0,0.645787499,120707000000.0,30667.0
70,128,Lebanon,LBN,2522409653.4,5851000.0,Arab States,1.7,10000.0,59.1,22.6,48.1,44.8,47.8,58.9,3.1,33.9,1.8,30.0,1.3,31.3,0.0,0.0,2.7,38.1,0.0,0.0,8.8,0.0,31.3,CCC,65.0,0.630576124,53140638269.0,9082.0
71,129,Liberia,LBR,247842983.01405,4500000.0,Africa,7.4,33000.0,55.0,44.0,44.1,54.9,18.2,59.3,2.5,28.0,1.6,26.7,1.3,31.3,0.0,0.0,3.5,50.0,0.0,0.0,8.9,0.0,31.7,CCC,175.0,0.367244444,3285455000.0,730.0
72,130,Libya,LBY,0.0,6235000.0,Africa,7.7,48000.0,81.4,23.0,49.6,28.1,63.1,73.1,0.0,0.0,1.3,21.7,0.0,0.0,-1.0,-1.0,0.0,0.0,0.0,0.0,1.3,-2.0,-2.5,D,55.0,0.697888889,37883243650.0,6076.0
73,136,Sri Lanka,LKA,1372723043.1340199,20714000.0,Asia and the Pacific,2.1,44000.0,44.1,27.0,33.5,34.9,35.9,42.5,2.4,26.7,2.6,42.8,1.0,25.0,-1.0,0.0,5.5,78.6,0.0,0.0,11.5,-1.0,37.4,CCC,73.0,0.737777778,87428125558.0,4221.0
74,139,Lesotho,LSO,123091950.447623,2175000.0,Africa,4.2,9000.0,53.8,50.7,44.6,41.9,18.6,58.3,3.2,35.9,2.2,37.2,2.3,56.3,0.0,0.0,3.0,42.9,0.0,0.0,10.7,0.0,38.3,CCC,162.0,0.504158407,2405289382.0,1106.0
75,141,Lithuania,LTU,1191438300.52159,2932000.0,Europe and Central Asia,5.8,17000.0,29.2,15.4,35.6,46.3,9.7,26.2,4.2,46.3,3.8,62.8,2.8,68.8,0.0,0.0,5.5,78.6,0.4,18.3,16.6,0.0,59.1,BB,35.0,0.876659891,47750908128.0,16286.0
76,142,Luxembourg,LUX,-6798512508.4517,567000.0,Europe and Central Asia,1.5,1000.0,17.7,13.7,24.5,12.1,14.3,8.4,4.3,47.4,2.0,33.9,2.8,68.8,0.0,0.0,3.5,50.0,0.2,8.3,12.7,0.0,45.4,B,21.0,0.762111044,64181944723.0,113196.0
77,143,Latvia,LVA,1136438829.79794,1993000.0,Europe and Central Asia,3.9,8000.0,31.7,15.9,23.8,44.0,10.3,24.6,4.2,47.0,3.7,61.7,3.8,93.8,0.0,0.0,5.0,71.4,0.4,18.3,17.1,0.0,60.9,BBB,48.0,0.813187844,30273007510.0,15190.0
78,146,Morocco,MAR,2680109856.21237,34803000.0,Africa,2.4,85000.0,60.7,18.8,38.1,35.7,22.0,48.3,0.6,6.5,3.4,56.7,1.3,31.3,0.0,0.0,5.0,71.4,0.0,0.0,10.2,0.0,36.5,CCC,129.0,0.467855556,109714000000.0,3152.0
79,149,Madagascar,MDG,464856589.64880896,24234000.0,Africa,7.5,182000.0,54.4,46.8,51.0,56.8,17.3,62.0,3.5,38.7,3.2,52.8,0.8,18.8,-1.0,-1.0,3.5,50.0,0.0,0.0,10.9,-2.0,31.8,CCC,155.0,0.458425611,13176313233.0,544.0
80,152,Mexico,MEX,32977774274.0,125891000.0,Americas,2.7,341000.0,47.3,23.7,59.0,37.8,68.8,57.3,4.8,53.7,3.8,62.8,2.3,56.3,-1.0,0.0,4.8,69.0,0.0,0.0,15.7,-1.0,52.4,BB,71.0,0.637833108,1157740000000.0,9196.0
81,156,Mali,MLI,559362392.0998678,17468000.0,Africa,3.6,62000.0,55.3,24.4,35.5,35.9,66.3,55.9,3.5,38.9,2.1,35.6,2.0,50.0,0.0,-1.0,2.0,28.6,0.0,0.0,9.6,-1.0,30.8,CCC,176.0,0.305180943,15375605992.0,880.0
82,158,Myanmar,MMR,4002424944.8455296,52404000.0,Asia and the Pacific,11.0,575000.0,58.1,43.8,26.1,46.0,70.2,65.9,5.2,58.0,1.1,18.3,1.8,43.8,-1.0,-1.0,3.0,42.9,0.0,0.0,11.1,-2.0,32.4,CCC,150.0,0.370555556,68945867478.0,1316.0
83,160,Montenegro,MNE,560665419.031984,628000.0,Europe and Central Asia,5.9,4000.0,39.4,15.0,37.4,50.9,18.3,35.8,7.1,79.3,4.2,70.0,2.3,56.3,0.0,0.0,4.3,61.9,0.0,0.0,17.9,0.0,64.0,BBB,51.0,0.773555556,4856632399.0,7733.0
84,161,Mongolia,MNG,1494350363.46922,2977000.0,Asia and the Pacific,12.3,37000.0,40.9,36.8,35.1,47.1,18.1,43.5,2.5,27.8,2.0,33.3,1.3,31.3,0.0,-1.0,3.8,54.8,0.0,0.0,9.6,-1.0,30.7,CCC,103.0,0.693666667,11425755280.0,3838.0
85,163,Mozambique,MOZ,2319071971.47682,28011000.0,Africa,5.4,152000.0,48.6,48.3,40.5,48.1,30.0,57.0,5.2,57.6,3.0,49.4,1.3,31.3,-1.0,0.0,3.0,42.9,0.0,0.0,12.4,-1.0,40.7,B,178.0,0.372055556,13219084261.0,472.0
86,164,Mauritania,MRT,588217194.758539,4182000.0,Africa,21.4,90000.0,67.3,33.7,39.3,50.5,22.3,62.0,0.6,6.5,1.5,25.0,0.8,18.8,-1.0,0.0,2.5,35.7,0.0,0.0,5.3,-1.0,15.5,C,161.0,0.352277778,6758390729.0,1616.0
87,165,Mauritius,MUS,442947618.0166,1259000.0,Africa,1.0,1000.0,25.5,17.7,33.6,31.1,12.2,21.2,3.9,43.7,2.3,38.9,0.0,0.0,0.0,0.0,3.5,50.0,0.0,0.0,9.8,0.0,34.9,CCC,63.0,0.718096828,13259351418.0,10532.0
88,166,Malawi,MWI,90200209.9764129,17574000.0,Africa,7.5,131000.0,55.4,51.5,40.9,61.5,19.1,63.4,3.0,33.1,1.4,23.9,1.8,43.8,-1.0,0.0,2.3,33.3,0.0,0.0,8.5,-1.0,26.8,CC,174.0,0.439666667,6303292264.0,359.0
89,167,Malaysia,MYS,9368469822.661459,30723000.0,Asia and the Pacific,6.9,212000.0,36.2,28.4,39.6,41.2,27.8,39.2,3.6,40.0,3.2,53.9,2.3,56.3,-1.0,0.0,2.7,38.1,0.0,0.0,11.8,-1.0,38.4,CCC,62.0,0.670544444,318958000000.0,10382.0
90,169,Namibia,NAM,373575659.263613,2426000.0,Africa,3.3,8000.0,44.6,38.4,55.9,38.8,10.4,48.1,3.1,34.1,1.7,27.8,0.8,18.8,0.0,0.0,3.8,54.8,0.0,0.0,9.3,0.0,33.3,CCC,127.0,0.520188889,12741746434.0,5252.0
91,171,Niger,NER,338710710.13916004,19897000.0,Africa,6.7,133000.0,61.9,41.2,37.0,45.0,50.4,65.6,2.6,29.1,2.1,35.6,1.0,25.0,-1.0,0.0,2.5,35.7,0.0,0.0,8.3,-1.0,25.9,CC,187.0,0.197933333,11166063887.0,561.0
92,172,Nigeria,NGA,3502999130.96667,181182000.0,Africa,7.7,1386000.0,54.1,41.3,50.2,47.1,95.5,74.1,5.3,58.9,3.2,53.3,2.0,50.0,-1.0,0.0,3.3,47.6,0.0,0.0,13.8,-1.0,45.8,B,152.0,0.42486,375745000000.0,2074.0
93,173,Nicaragua,NIC,771900000.0,6082000.0,Americas,2.9,18000.0,48.2,24.5,43.3,35.3,22.8,43.9,3.1,34.4,4.2,70.0,1.0,25.0,0.0,0.0,4.7,66.7,0.0,0.0,13.0,0.0,46.3,B,132.0,0.4839,13785943183.0,2267.0
94,174,Netherlands,NLD,96255613555.2639,16938000.0,Europe and Central Asia,1.8,30000.0,12.8,13.6,26.0,16.0,12.2,6.1,6.5,72.2,4.3,72.2,3.0,75.0,0.0,0.0,6.5,92.9,0.7,36.7,21.1,0.0,75.2,A,4.0,0.893532297,833870000000.0,49231.0
95,175,Norway,NOR,5900604723.7885895,5200000.0,Europe and Central Asia,1.8,9000.0,15.7,17.8,13.1,9.4,10.8,4.5,6.1,68.1,5.0,82.8,2.3,56.3,0.0,0.0,5.2,73.8,0.2,10.0,18.7,0.0,66.8,BBB,1.0,0.909922222,398394000000.0,76614.0
96,176,Nepal,NPL,196265098.563575,28656000.0,Asia and the Pacific,6.0,171000.0,52.0,35.6,32.2,8.7,34.7,44.1,3.2,35.2,2.5,41.7,2.0,50.0,-1.0,0.0,4.2,59.5,0.0,0.0,11.8,-1.0,38.7,CCC,145.0,0.452311111,25180583770.0,879.0
97,178,New Zealand,NZL,2093698049.94685,4615000.0,Asia and the Pacific,0.6,3000.0,12.2,18.4,16.2,7.0,7.0,1.9,4.8,53.7,2.9,47.8,1.8,43.8,0.0,0.0,6.7,95.2,0.0,0.0,16.1,0.0,57.6,BB,7.0,0.916766667,205416000000.0,44511.0
98,180,Oman,OMN,2917295188.55657,4200000.0,Arab States,2.1,9000.0,68.7,20.5,37.8,33.4,6.4,50.1,2.9,32.4,1.4,22.8,0.5,12.5,0.0,0.0,4.2,59.5,0.0,0.0,9.0,0.0,32.0,CCC,56.0,0.603279117,70600000000.0,16810.0
99,182,Pakistan,PAK,2496000000.0,189381000.0,Asia and the Pacific,16.8,3186000.0,56.8,36.2,45.9,55.3,92.8,74.1,1.9,21.5,0.9,15.6,0.5,12.5,-1.0,0.0,2.8,40.5,0.0,0.0,6.2,-1.0,18.6,C,146.0,0.371667343,304567000000.0,1608.0
100,183,Panama,PAN,3976868000.0,3969000.0,Americas,2.1,8000.0,44.2,21.0,42.6,33.1,9.4,36.4,2.9,32.6,3.6,60.0,1.3,31.3,-1.0,0.0,5.5,78.6,0.0,0.0,13.3,-1.0,43.9,B,65.0,0.657411111,62219000000.0,15676.0
101,184,Peru,PER,6860492819.49823,31377000.0,Americas,2.6,80000.0,44.3,24.7,48.0,38.2,27.5,44.3,6.8,75.9,2.5,42.2,2.5,62.5,-1.0,0.0,3.8,54.8,0.0,0.0,15.7,-1.0,52.5,BB,82.0,0.664337879,211007000000.0,6725.0
102,185,Philippines,PHL,10256442398.8834,101716000.0,Asia and the Pacific,7.7,784000.0,50.5,35.3,45.7,36.4,69.3,60.2,4.6,51.5,4.2,69.4,2.0,50.0,0.0,0.0,4.8,69.0,0.0,0.0,15.6,0.0,55.8,BB,117.0,0.609984056,328481000000.0,3229.0
103,187,Papua New Guinea,PNG,161470622.807911,7920000.0,Asia and the Pacific,10.3,81000.0,64.8,63.3,46.2,9.5,13.3,61.9,2.4,26.5,1.8,30.6,0.3,6.3,-1.0,0.0,1.8,26.2,0.0,0.0,6.3,-1.0,18.9,C,157.0,0.376311111,22742613554.0,2872.0
104,188,Poland,POL,11762000000.0,38265000.0,Europe and Central Asia,3.4,128000.0,24.5,13.7,27.5,59.6,13.6,24.4,4.8,53.3,2.5,42.2,2.8,68.8,0.0,0.0,4.8,69.0,0.2,8.3,15.1,0.0,53.9,BB,35.0,0.824699932,526381000000.0,13756.0
105,192,Portugal,PRT,10663828803.4562,10418000.0,Europe and Central Asia,2.5,26000.0,12.2,15.6,31.7,20.7,9.7,8.5,5.6,62.6,4.2,69.4,2.8,68.8,0.0,0.0,5.8,83.3,0.2,8.3,18.6,0.0,66.3,BBB,41.0,0.727614636,221358000000.0,21248.0
106,193,Paraguay,PRY,603320572.227304,6639000.0,Americas,1.6,11000.0,38.3,21.0,64.7,32.7,22.7,40.9,2.4,26.1,3.4,56.7,1.5,37.5,-1.0,0.0,5.0,71.4,0.2,10.0,12.5,-1.0,40.9,B,111.0,0.587322222,39008900332.0,5876.0
107,198,Qatar,QAT,985989010.9890107,2482000.0,Arab States,1.5,4000.0,56.3,13.8,29.5,33.4,7.0,37.7,4.8,53.0,1.9,31.7,1.3,31.3,-1.0,0.0,3.0,42.9,0.0,0.0,10.9,-1.0,35.4,CCC,31.0,0.685686747,166929000000.0,67256.0
108,199,Romania,ROU,5952909608.10492,19877000.0,Europe and Central Asia,4.3,86000.0,35.8,19.5,32.6,52.0,16.1,33.9,4.8,53.3,3.1,52.2,2.0,50.0,-1.0,0.0,3.0,42.9,0.4,18.3,13.3,-1.0,43.9,B,54.0,0.747894287,211695000000.0,10650.0
109,200,Russian Federation,RUS,28557440000.0,143888000.0,Europe and Central Asia,5.5,794000.0,59.3,13.5,38.6,34.1,51.9,51.6,1.5,17.0,1.9,32.2,1.5,37.5,-1.0,-1.0,2.8,40.5,0.0,0.0,7.8,-2.0,20.7,CC,57.0,0.779955556,1574200000000.0,10940.0
110,201,Rwanda,RWA,270110771.39,11630000.0,Africa,11.6,134000.0,56.6,40.8,40.0,55.7,34.0,61.7,3.3,36.9,2.5,41.7,1.8,43.8,-1.0,-1.0,3.8,54.8,0.0,0.0,11.4,-2.0,33.6,CCC,151.0,0.478166667,9253098954.0,796.0
111,203,Saudi Arabia,SAU,1418843613.8004801,31557000.0,Arab States,1.9,61000.0,63.2,21.9,30.1,14.2,32.2,46.3,2.9,32.4,2.6,42.8,1.5,37.5,-1.0,0.0,1.8,26.2,0.0,0.0,8.8,-1.0,27.9,CC,34.0,0.723174097,688586000000.0,21820.0
112,204,Sudan,SDN,1065298481.4186699,38648000.0,Africa,12.0,465000.0,80.7,46.6,42.4,37.0,87.4,87.1,0.3,2.8,1.6,26.7,1.0,25.0,-1.0,0.0,2.3,33.3,0.0,0.0,5.2,-1.0,14.9,C,166.0,0.305955556,45379127306.0,1174.0
113,205,Senegal,SEN,588292997.958708,14977000.0,Africa,2.9,43000.0,43.9,34.8,35.6,41.0,30.9,46.2,4.5,49.6,2.6,43.9,2.3,56.3,0.0,0.0,3.8,54.8,0.0,0.0,13.2,0.0,47.1,B,163.0,0.367811111,20996564752.0,1402.0
114,206,Singapore,SGP,97766497094.3389,5535000.0,Asia and the Pacific,3.4,19000.0,30.8,16.3,5.0,18.7,9.0,13.4,3.6,40.0,1.3,22.2,1.3,31.3,0.0,0.0,3.0,42.9,0.0,0.0,9.2,0.0,32.8,CCC,9.0,0.767777778,341863000000.0,61764.0
115,208,Sierra Leone,SLE,198174760.501372,7237000.0,Africa,5.0,36000.0,50.9,46.1,41.2,48.1,18.1,55.2,4.8,53.7,2.3,37.8,2.0,50.0,0.0,0.0,3.8,54.8,0.0,0.0,13.5,0.0,46.2,B,183.0,0.3045,3739577973.0,517.0
116,209,El Salvador,SLV,503801415.183001,6312000.0,Americas,2.5,16000.0,50.5,23.0,59.8,43.6,22.7,50.7,2.9,31.7,2.4,39.4,1.8,43.8,-1.0,0.0,4.5,64.3,0.0,0.0,11.5,-1.0,37.4,CCC,115.0,0.553261879,24979200000.0,3957.0
117,212,Serbia,SRB,2894615965.2376103,8851000.0,Europe and Central Asia,3.3,30000.0,39.1,15.2,31.6,40.9,27.5,33.9,5.8,63.9,4.5,75.0,2.3,56.3,0.0,0.0,4.8,69.0,0.0,0.0,17.3,0.0,61.9,BBB,77.0,0.695444444,44120425320.0,4985.0
118,218,Suriname,SUR,96075554.7414536,553000.0,Americas,2.3,1000.0,55.5,10.7,50.8,28.1,16.3,42.1,2.2,24.3,0.3,5.6,1.3,31.3,0.0,0.0,3.8,54.8,0.0,0.0,7.6,0.0,27.1,CC,100.0,0.588380289,3210064506.0,5805.0
119,220,Slovenia,SVN,1196228604.69281,2075000.0,Europe and Central Asia,2.2,5000.0,22.4,16.6,30.6,45.6,6.4,20.1,5.4,60.4,3.5,57.8,2.3,56.3,0.0,0.0,5.2,73.8,0.4,18.3,16.7,0.0,59.6,BB,25.0,0.863083331,48561672401.0,23403.0
120,221,Sweden,SWE,26347927028.2056,9764000.0,Europe and Central Asia,1.6,15000.0,10.2,17.0,17.4,13.0,18.3,4.3,6.6,73.1,3.9,64.4,3.3,81.3,0.0,0.0,5.2,73.8,0.4,18.3,19.2,0.0,68.7,BBB,12.0,0.830134011,541019000000.0,55410.0
121,227,Chad,TCD,334997123.7491,14009000.0,Africa,12.0,168000.0,71.8,43.2,48.5,46.5,46.1,74.9,1.5,16.7,0.8,13.9,0.5,12.5,-1.0,0.0,2.8,40.5,0.0,0.0,5.7,-1.0,16.7,C,184.0,0.255851922,10000395242.0,714.0
122,230,Togo,TGO,88558699.5022234,7417000.0,Africa,6.8,50000.0,70.0,31.5,45.3,42.3,17.1,61.3,2.6,28.7,1.3,21.1,1.3,31.3,0.0,0.0,1.5,21.4,0.0,0.0,6.6,0.0,23.6,CC,166.0,0.514422222,4819949975.0,650.0
123,231,Thailand,THA,8229148190.32755,68658000.0,Asia and the Pacific,8.9,610000.0,50.9,21.8,35.3,45.1,51.9,51.1,4.2,46.3,3.1,51.7,2.3,56.3,-1.0,0.0,5.2,73.8,0.0,0.0,14.7,-1.0,48.9,B,89.0,0.607965284,456295000000.0,6646.0
124,232,Tajikistan,TJK,185827080.700795,8549000.0,Europe and Central Asia,4.5,39000.0,67.4,30.9,32.8,27.8,30.1,55.8,3.5,38.9,2.2,36.1,1.8,43.8,-1.0,0.0,2.8,40.5,0.0,0.0,10.3,-1.0,33.0,CCC,133.0,0.639444444,7157865188.0,837.0
125,233,Turkmenistan,TKM,2085944000.0,5565000.0,Europe and Central Asia,11.2,62000.0,80.2,21.5,31.4,32.6,15.9,58.1,1.6,17.8,2.4,40.0,1.3,31.3,-1.0,-1.0,4.3,61.9,0.0,0.0,9.6,-2.0,27.1,CC,103.0,0.678712889,37926285714.0,6815.0
126,235,Timor-Leste,TLS,6715937.467148,1241000.0,Asia and the Pacific,7.7,10000.0,58.4,41.9,37.2,41.2,3.9,52.8,3.0,33.1,1.0,16.7,1.0,25.0,0.0,0.0,3.0,42.9,0.0,0.0,8.0,0.0,28.5,CC,128.0,0.472406667,1609669330.0,1297.0
127,240,Trinidad and Tobago,TTO,-456860907.461982,1360000.0,Americas,3.0,4000.0,38.6,13.0,62.4,47.8,13.7,39.1,6.1,67.2,3.0,50.0,1.3,31.3,-1.0,0.0,4.7,66.7,0.0,0.0,15.0,-1.0,49.9,B,64.0,0.700320689,22474828527.0,16526.0
128,241,Tunisia,TUN,810936482.8419981,11274000.0,Africa,2.2,25000.0,47.2,15.4,34.8,31.9,33.7,39.2,4.8,53.0,1.9,31.7,1.8,43.8,0.0,0.0,4.0,57.1,0.0,0.0,12.4,0.0,44.3,B,90.0,0.621455556,39802430355.0,3530.0
129,242,Turkey,TUR,11099000000.0,78271000.0,Europe and Central Asia,6.5,509000.0,47.0,22.2,47.0,48.6,47.9,51.6,6.0,66.7,3.4,57.2,1.5,37.5,0.0,0.0,2.3,33.3,0.0,0.0,13.3,0.0,47.4,B,69.0,0.652023697,852677000000.0,10894.0
130,245,Uganda,UGA,802704141.0085679,40145000.0,Africa,7.6,304000.0,52.8,48.3,38.2,50.3,35.3,60.8,4.3,48.1,3.1,51.7,1.5,37.5,-1.0,0.0,3.8,54.8,0.0,0.0,12.8,-1.0,42.0,B,164.0,0.478643671,30756466548.0,766.0
131,246,Ukraine,UKR,2827000000.0,44658000.0,Europe and Central Asia,6.4,286000.0,54.0,15.9,46.4,39.0,62.2,54.4,5.9,65.7,2.8,46.1,2.5,62.5,-1.0,0.0,4.7,66.7,0.0,0.0,15.9,-1.0,53.0,BB,83.0,0.795511111,112190000000.0,2512.0
132,248,Uruguay,URY,2652611060.9285607,3432000.0,Americas,1.0,4000.0,31.9,13.5,34.3,15.4,9.5,19.7,3.7,40.6,3.0,49.4,2.0,50.0,0.0,0.0,5.5,78.6,0.0,0.0,14.1,0.0,50.4,BB,50.0,0.712262429,59530088536.0,17346.0
133,249,United States,USA,354649000000.0,319929000.0,Americas,1.3,403000.0,18.3,18.2,30.3,15.6,28.6,15.9,8.3,92.6,4.5,75.6,2.3,56.3,0.0,-1.0,4.7,66.7,1.3,65.0,21.1,-1.0,71.7,BBB*,5.0,0.889759207,19485400000000.0,60905.0
134,250,Uzbekistan,UZB,1797341435.6538105,30976000.0,Europe and Central Asia,5.2,160000.0,71.7,20.3,32.6,9.0,18.0,47.5,2.7,30.2,2.0,33.9,1.3,31.3,-1.0,-1.0,4.5,64.3,0.0,0.0,10.5,-2.0,30.4,CCC,116.0,0.651111111,59159945321.0,1910.0
135,261,South Africa,ZAF,2058579911.05235,55291000.0,Africa,2.8,155000.0,46.7,38.3,61.0,36.9,26.9,53.8,4.8,53.7,3.7,61.7,1.8,43.8,-1.0,0.0,4.0,57.1,0.0,0.0,14.3,-1.0,47.4,B,118.0,0.695447164,349554000000.0,6322.0
136,262,Zambia,ZMB,1107519804.84533,16101000.0,Africa,5.7,92000.0,45.8,54.4,44.9,49.1,13.1,55.2,3.0,33.3,2.1,34.4,1.0,25.0,0.0,0.0,2.8,40.5,0.0,0.0,8.9,0.0,31.8,CCC,141.0,0.591333333,25868142077.0,1607.0
137,263,Zimbabwe,ZWE,247187738.788,15777000.0,Africa,6.7,105000.0,66.3,45.5,36.6,53.0,25.3,66.4,1.1,11.7,1.0,17.2,1.8,43.8,-1.0,0.0,2.5,35.7,0.0,0.0,6.3,-1.0,19.0,C,156.0,0.499933333,22040902300.0,1397.0
