,country,total_population,Region,victims_per_1000_population,Est. number of people in modern slavery,factor_one_governance_issues,Factor Two Nourishment and Access,factor_three_inequality,Factor Four Disenfranchised Groups,factor_five_effects_of_conflict,"Final overall (normalised, weighted) vulnerability score",Support survivors,%,criminal_justice,%.1,Coordination,%.2,NEG Government  complicity (1.4.3),NEG State-imposed forced labour (1.8.1),Address risk,%.3,Supply chains,%.4,SUM/104,SUM Neg,TOTAL,Credit rating,education_access_score,hdi_rank,gdp_per_capita,gdp_per_capita2
0,Burundi,10199000.0,Africa,40.0,408000.0,72.4,42.6,42.1,48.1,41.7,72.9,2.0,22.2,0.7,11.1,0.5,12.5,-1.0,-1.0,1.8,26.2,0.0,0.0,5.0,-2.0,10.7,C,0.370088889,180.0,311.0,96721.0
1,Central African Republic,4546000.0,Africa,22.3,101000.0,85.4,50.2,62.7,58.0,81.6,100.0,-0.3,-3.7,0.0,0.6,0.5,12.5,-1.0,0.0,1.5,21.4,0.0,0.0,1.7,-1.0,2.5,D,0.317866667,185.0,456.0,207936.0
2,Mauritania,4182000.0,Africa,21.4,90000.0,67.3,33.7,39.3,50.5,22.3,62.0,0.6,6.5,1.5,25.0,0.8,18.8,-1.0,0.0,2.5,35.7,0.0,0.0,5.3,-1.0,15.5,C,0.352277778,161.0,1616.0,2611456.0
3,Pakistan,189381000.0,Asia and the Pacific,16.8,3186000.0,56.8,36.2,45.9,55.3,92.8,74.1,1.9,21.5,0.9,15.6,0.5,12.5,-1.0,0.0,2.8,40.5,0.0,0.0,6.2,-1.0,18.6,C,0.371667343,146.0,1608.0,2585664.0
4,Cambodia,15518000.0,Asia and the Pacific,16.8,261000.0,66.3,38.5,41.6,56.7,14.8,63.5,3.6,40.4,2.8,46.7,1.8,43.8,0.0,0.0,2.3,33.3,0.0,0.0,10.5,0.0,37.6,CCC,0.495177778,136.0,1429.0,2042041.0
5,Mongolia,2977000.0,Asia and the Pacific,12.3,37000.0,40.9,36.8,35.1,47.1,18.1,43.5,2.5,27.8,2.0,33.3,1.3,31.3,0.0,-1.0,3.8,54.8,0.0,0.0,9.6,-1.0,30.7,CCC,0.693666667,103.0,3838.0,14730244.0
6,Sudan,38648000.0,Africa,12.0,465000.0,80.7,46.6,42.4,37.0,87.4,87.1,0.3,2.8,1.6,26.7,1.0,25.0,-1.0,0.0,2.3,33.3,0.0,0.0,5.2,-1.0,14.9,C,0.305955556,166.0,1174.0,1378276.0
7,Chad,14009000.0,Africa,12.0,168000.0,71.8,43.2,48.5,46.5,46.1,74.9,1.5,16.7,0.8,13.9,0.5,12.5,-1.0,0.0,2.8,40.5,0.0,0.0,5.7,-1.0,16.7,C,0.255851922,184.0,714.0,509796.0
8,Rwanda,11630000.0,Africa,11.6,134000.0,56.6,40.8,40.0,55.7,34.0,61.7,3.3,36.9,2.5,41.7,1.8,43.8,-1.0,-1.0,3.8,54.8,0.0,0.0,11.4,-2.0,33.6,CCC,0.478166667,151.0,796.0,633616.0
9,Turkmenistan,5565000.0,Europe and Central Asia,11.2,62000.0,80.2,21.5,31.4,32.6,15.9,58.1,1.6,17.8,2.4,40.0,1.3,31.3,-1.0,-1.0,4.3,61.9,0.0,0.0,9.6,-2.0,27.1,CC,0.678712889,103.0,6815.0,46444225.0
10,Myanmar,52404000.0,Asia and the Pacific,11.0,575000.0,58.1,43.8,26.1,46.0,70.2,65.9,5.2,58.0,1.1,18.3,1.8,43.8,-1.0,-1.0,3.0,42.9,0.0,0.0,11.1,-2.0,32.4,CCC,0.370555556,150.0,1316.0,1731856.0
11,Brunei Darussalam,418000.0,Asia and the Pacific,10.9,5000.0,53.5,30.9,31.7,41.2,18.2,47.2,1.6,17.8,1.2,19.4,0.0,0.0,0.0,0.0,3.0,42.9,0.0,0.0,5.8,0.0,20.6,CC,0.692111111,30.0,29015.0,841870225.0
12,Belarus,9486000.0,Europe and Central Asia,10.9,103000.0,64.9,16.7,23.9,39.4,20.8,47.3,4.4,48.9,1.7,27.8,1.5,37.5,0.0,-1.0,4.7,66.7,0.0,0.0,12.2,-1.0,40.1,B,0.819984164,53.0,5769.0,33281361.0
13,Papua New Guinea,7920000.0,Asia and the Pacific,10.3,81000.0,64.8,63.3,46.2,9.5,13.3,61.9,2.4,26.5,1.8,30.6,0.3,6.3,-1.0,0.0,1.8,26.2,0.0,0.0,6.3,-1.0,18.9,C,0.376311111,157.0,2872.0,8248384.0
14,Thailand,68658000.0,Asia and the Pacific,8.9,610000.0,50.9,21.8,35.3,45.1,51.9,51.1,4.2,46.3,3.1,51.7,2.3,56.3,-1.0,0.0,5.2,73.8,0.0,0.0,14.7,-1.0,48.9,B,0.607965284,89.0,6646.0,44169316.0
15,Greece,11218000.0,Europe and Central Asia,7.9,89000.0,38.5,14.4,36.4,56.0,23.6,37.1,6.2,68.5,4.0,66.1,1.8,43.8,0.0,0.0,3.2,45.2,0.4,18.3,15.4,0.0,55.1,BB,0.796988551,29.0,18148.0,329349904.0
16,Guinea,12092000.0,Africa,7.8,94000.0,68.3,32.4,54.7,46.4,28.6,66.3,0.8,8.7,0.6,10.6,1.5,37.5,-1.0,0.0,3.5,50.0,0.0,0.0,6.4,-1.0,19.3,C,0.294444733,179.0,855.0,731025.0
17,Libya,6235000.0,Africa,7.7,48000.0,81.4,23.0,49.6,28.1,63.1,73.1,0.0,0.0,1.3,21.7,0.0,0.0,-1.0,-1.0,0.0,0.0,0.0,0.0,1.3,-2.0,-2.5,D,0.697888889,55.0,6076.0,36917776.0
18,Philippines,101716000.0,Asia and the Pacific,7.7,784000.0,50.5,35.3,45.7,36.4,69.3,60.2,4.6,51.5,4.2,69.4,2.0,50.0,0.0,0.0,4.8,69.0,0.0,0.0,15.6,0.0,55.8,BB,0.609984056,117.0,3229.0,10426441.0
19,Timor-Leste,1241000.0,Asia and the Pacific,7.7,10000.0,58.4,41.9,37.2,41.2,3.9,52.8,3.0,33.1,1.0,16.7,1.0,25.0,0.0,0.0,3.0,42.9,0.0,0.0,8.0,0.0,28.5,CC,0.472406667,128.0,1297.0,1682209.0
20,Nigeria,181182000.0,Africa,7.7,1386000.0,54.1,41.3,50.2,47.1,95.5,74.1,5.3,58.9,3.2,53.3,2.0,50.0,-1.0,0.0,3.3,47.6,0.0,0.0,13.8,-1.0,45.8,B,0.42486,152.0,2074.0,4301476.0
21,Uganda,40145000.0,Africa,7.6,304000.0,52.8,48.3,38.2,50.3,35.3,60.8,4.3,48.1,3.1,51.7,1.5,37.5,-1.0,0.0,3.8,54.8,0.0,0.0,12.8,-1.0,42.0,B,0.478643671,164.0,766.0,586756.0
22,Madagascar,24234000.0,Africa,7.5,182000.0,54.4,46.8,51.0,56.8,17.3,62.0,3.5,38.7,3.2,52.8,0.8,18.8,-1.0,-1.0,3.5,50.0,0.0,0.0,10.9,-2.0,31.8,CCC,0.458425611,155.0,544.0,295936.0
23,Malawi,17574000.0,Africa,7.5,131000.0,55.4,51.5,40.9,61.5,19.1,63.4,3.0,33.1,1.4,23.9,1.8,43.8,-1.0,0.0,2.3,33.3,0.0,0.0,8.5,-1.0,26.8,CC,0.439666667,174.0,359.0,128881.0
24,Guinea-Bissau,1771000.0,Africa,7.5,13000.0,77.8,40.1,47.6,44.1,17.1,70.5,0.7,7.4,1.9,31.1,1.3,31.3,0.0,0.0,1.5,21.4,0.0,0.0,5.3,0.0,18.9,C,0.325333333,177.0,760.0,577600.0
25,Liberia,4500000.0,Africa,7.4,33000.0,55.0,44.0,44.1,54.9,18.2,59.3,2.5,28.0,1.6,26.7,1.3,31.3,0.0,0.0,3.5,50.0,0.0,0.0,8.9,0.0,31.7,CCC,0.367244444,175.0,730.0,532900.0
26,Angola,27859000.0,Africa,7.2,199000.0,60.2,43.4,48.2,48.5,19.8,62.3,2.8,31.5,0.8,13.9,1.8,43.8,-1.0,0.0,3.8,54.8,0.0,0.0,9.3,-1.0,29.5,CC,0.474212067,149.0,4384.0,19219456.0
27,Djibouti,927000.0,Africa,7.1,7000.0,66.8,38.0,33.9,48.1,21.3,61.2,2.7,30.4,2.6,42.8,1.3,31.3,0.0,0.0,3.3,47.6,0.0,0.0,9.9,0.0,35.3,CCC,0.305877778,170.0,2968.0,8809024.0
28,Kenya,47236000.0,Africa,6.9,328000.0,55.1,48.7,49.6,44.5,66.8,70.6,3.2,35.7,2.3,38.9,1.5,37.5,-1.0,0.0,4.2,59.5,0.0,0.0,11.2,-1.0,36.5,CCC,0.514555556,147.0,1672.0,2795584.0
29,Malaysia,30723000.0,Asia and the Pacific,6.9,212000.0,36.2,28.4,39.6,41.2,27.8,39.2,3.6,40.0,3.2,53.9,2.3,56.3,-1.0,0.0,2.7,38.1,0.0,0.0,11.8,-1.0,38.4,CCC,0.670544444,62.0,10382.0,107785924.0
30,Albania,2923000.0,Europe and Central Asia,6.9,20000.0,46.0,20.7,44.3,48.4,27.0,45.2,6.6,72.8,3.8,63.3,2.8,68.8,-1.0,0.0,4.7,66.7,0.0,0.0,17.8,-1.0,59.9,BB,0.608519363,95.0,4454.0,19838116.0
31,Cameroon,22835000.0,Africa,6.9,157000.0,65.9,36.5,46.2,46.3,53.9,69.6,2.4,26.7,1.5,24.4,0.8,18.8,-1.0,0.0,3.5,50.0,0.0,0.0,8.1,-1.0,25.4,CC,0.485788889,152.0,1533.0,2350089.0
32,Togo,7417000.0,Africa,6.8,50000.0,70.0,31.5,45.3,42.3,17.1,61.3,2.6,28.7,1.3,21.1,1.3,31.3,0.0,0.0,1.5,21.4,0.0,0.0,6.6,0.0,23.6,CC,0.514422222,166.0,650.0,422500.0
33,Niger,19897000.0,Africa,6.7,133000.0,61.9,41.2,37.0,45.0,50.4,65.6,2.6,29.1,2.1,35.6,1.0,25.0,-1.0,0.0,2.5,35.7,0.0,0.0,8.3,-1.0,25.9,CC,0.197933333,187.0,561.0,314721.0
34,Zimbabwe,15777000.0,Africa,6.7,105000.0,66.3,45.5,36.6,53.0,25.3,66.4,1.1,11.7,1.0,17.2,1.8,43.8,-1.0,0.0,2.5,35.7,0.0,0.0,6.3,-1.0,19.0,C,0.499933333,156.0,1397.0,1951609.0
35,Turkey,78271000.0,Europe and Central Asia,6.5,509000.0,47.0,22.2,47.0,48.6,47.9,51.6,6.0,66.7,3.4,57.2,1.5,37.5,0.0,0.0,2.3,33.3,0.0,0.0,13.3,0.0,47.4,B,0.652023697,69.0,10894.0,118679236.0
36,Ukraine,44658000.0,Europe and Central Asia,6.4,286000.0,54.0,15.9,46.4,39.0,62.2,54.4,5.9,65.7,2.8,46.1,2.5,62.5,-1.0,0.0,4.7,66.7,0.0,0.0,15.9,-1.0,53.0,BB,0.795511111,83.0,2512.0,6310144.0
37,Equatorial Guinea,1175000.0,Africa,6.4,7000.0,68.4,40.8,36.7,48.5,10.1,61.7,0.3,3.7,0.7,12.2,0.5,12.5,-1.0,0.0,1.8,26.2,0.0,0.0,3.4,-1.0,8.6,D,0.414911111,144.0,10384.0,107827456.0
38,Ethiopia,99873000.0,Africa,6.1,614000.0,62.4,47.5,27.3,34.6,55.3,64.5,2.5,27.8,3.1,51.1,2.3,56.3,-1.0,0.0,3.3,47.6,0.0,0.0,11.2,-1.0,36.3,CCC,0.316521973,173.0,819.0,670761.0
39,India,1309054000.0,Asia and the Pacific,6.1,7989000.0,46.2,29.8,32.4,41.1,80.0,55.5,4.2,46.3,3.2,53.3,2.3,56.3,0.0,0.0,3.2,45.2,0.0,0.0,12.8,0.0,45.7,B,0.472666667,135.0,2026.0,4104676.0
40,Croatia,4236000.0,Europe and Central Asia,6.0,25000.0,35.7,20.2,34.1,48.3,12.2,32.7,6.9,77.0,4.7,78.3,2.3,56.3,0.0,0.0,4.8,69.0,0.4,18.3,19.1,0.0,68.2,BBB,0.770334477,47.0,13059.0,170537481.0
41,Nepal,28656000.0,Asia and the Pacific,6.0,171000.0,52.0,35.6,32.2,8.7,34.7,44.1,3.2,35.2,2.5,41.7,2.0,50.0,-1.0,0.0,4.2,59.5,0.0,0.0,11.8,-1.0,38.7,CCC,0.452311111,145.0,879.0,772641.0
42,Montenegro,628000.0,Europe and Central Asia,5.9,4000.0,39.4,15.0,37.4,50.9,18.3,35.8,7.1,79.3,4.2,70.0,2.3,56.3,0.0,0.0,4.3,61.9,0.0,0.0,17.9,0.0,64.0,BBB,0.773555556,51.0,7733.0,59799289.0
43,Lithuania,2932000.0,Europe and Central Asia,5.8,17000.0,29.2,15.4,35.6,46.3,9.7,26.2,4.2,46.3,3.8,62.8,2.8,68.8,0.0,0.0,5.5,78.6,0.4,18.3,16.6,0.0,59.1,BB,0.876659891,35.0,16286.0,265233796.0
44,Zambia,16101000.0,Africa,5.7,92000.0,45.8,54.4,44.9,49.1,13.1,55.2,3.0,33.3,2.1,34.4,1.0,25.0,0.0,0.0,2.8,40.5,0.0,0.0,8.9,0.0,31.8,CCC,0.591333333,141.0,1607.0,2582449.0
45,Haiti,10711000.0,Americas,5.6,59000.0,62.4,49.7,54.1,56.8,20.1,69.6,4.5,49.6,2.6,42.8,0.8,18.8,0.0,0.0,3.3,47.6,0.0,0.0,11.1,0.0,39.7,CCC,0.374277778,168.0,785.0,616225.0
46,Russian Federation,143888000.0,Europe and Central Asia,5.5,794000.0,59.3,13.5,38.6,34.1,51.9,51.6,1.5,17.0,1.9,32.2,1.5,37.5,-1.0,-1.0,2.8,40.5,0.0,0.0,7.8,-2.0,20.7,CC,0.779955556,57.0,10940.0,119683600.0
47,Benin,10576000.0,Africa,5.5,58000.0,51.1,28.8,39.9,35.3,15.8,45.0,2.8,30.6,1.9,31.7,2.3,56.3,0.0,0.0,3.7,52.4,0.0,0.0,10.6,0.0,37.7,CCC,0.413555556,165.0,1201.0,1442401.0
48,Mozambique,28011000.0,Africa,5.4,152000.0,48.6,48.3,40.5,48.1,30.0,57.0,5.2,57.6,3.0,49.4,1.3,31.3,-1.0,0.0,3.0,42.9,0.0,0.0,12.4,-1.0,40.7,B,0.372055556,178.0,472.0,222784.0
49,Armenia,2917000.0,Europe and Central Asia,5.3,16000.0,51.1,18.9,33.8,46.3,22.1,43.6,4.9,54.6,3.1,51.1,2.3,56.3,0.0,0.0,4.7,66.7,0.0,0.0,14.9,0.0,53.2,BB,0.701366667,87.0,3952.0,15618304.0
50,Uzbekistan,30976000.0,Europe and Central Asia,5.2,160000.0,71.7,20.3,32.6,9.0,18.0,47.5,2.7,30.2,2.0,33.9,1.3,31.3,-1.0,-1.0,4.5,64.3,0.0,0.0,10.5,-2.0,30.4,CCC,0.651111111,116.0,1910.0,3648100.0
51,Sierra Leone,7237000.0,Africa,5.0,36000.0,50.9,46.1,41.2,48.1,18.1,55.2,4.8,53.7,2.3,37.8,2.0,50.0,0.0,0.0,3.8,54.8,0.0,0.0,13.5,0.0,46.2,B,0.3045,183.0,517.0,267289.0
52,Ghana,27583000.0,Africa,4.8,133000.0,52.6,29.1,42.0,53.7,21.6,52.2,2.2,24.8,2.0,33.3,1.5,37.5,-1.0,0.0,2.8,40.5,0.2,8.3,8.7,-1.0,27.6,CC,0.552744444,138.0,2139.0,4575321.0
53,Gabon,1930000.0,Africa,4.8,9000.0,56.5,27.1,36.6,47.5,12.4,49.1,2.5,27.8,0.7,11.7,1.3,31.3,0.0,0.0,2.3,33.3,0.0,0.0,6.8,0.0,24.2,CC,0.589333333,112.0,7735.0,59830225.0
54,Indonesia,258162000.0,Asia and the Pacific,4.7,1220000.0,43.7,38.0,35.8,53.3,32.2,50.5,4.3,47.8,3.6,60.0,2.0,50.0,0.0,0.0,4.3,61.9,0.0,0.0,14.2,0.0,50.8,BB,0.603136041,108.0,3934.0,15476356.0
55,Tajikistan,8549000.0,Europe and Central Asia,4.5,39000.0,67.4,30.9,32.8,27.8,30.1,55.8,3.5,38.9,2.2,36.1,1.8,43.8,-1.0,0.0,2.8,40.5,0.0,0.0,10.3,-1.0,33.0,CCC,0.639444444,133.0,837.0,700569.0
56,Burkina Faso,18111000.0,Africa,4.5,82000.0,58.4,31.6,40.3,35.2,26.2,53.1,3.4,38.1,1.8,30.0,1.8,43.8,0.0,0.0,3.0,42.9,0.0,0.0,10.0,0.0,35.7,CCC,0.250033333,181.0,782.0,611524.0
57,Bulgaria,7177000.0,Europe and Central Asia,4.5,32000.0,33.0,14.7,43.3,44.1,17.4,31.3,5.4,59.8,3.0,49.4,2.3,56.3,0.0,0.0,4.7,66.7,0.4,18.3,15.6,0.0,55.8,BB,0.749407205,58.0,8214.0,67469796.0
58,Azerbaijan,9617000.0,Europe and Central Asia,4.5,43000.0,60.3,21.2,23.9,35.7,32.5,47.8,2.5,28.0,4.3,71.7,2.5,62.5,0.0,0.0,4.2,59.5,0.0,0.0,13.5,0.0,48.2,B,0.699777778,76.0,4249.0,18054001.0
59,Georgia,3952000.0,Europe and Central Asia,4.3,17000.0,41.5,19.3,33.9,43.9,31.4,39.2,6.7,74.1,3.8,63.9,2.3,56.3,0.0,0.0,4.8,69.0,0.0,0.0,17.6,0.0,62.8,BBB,0.770333333,79.0,4110.0,16892100.0
60,Romania,19877000.0,Europe and Central Asia,4.3,86000.0,35.8,19.5,32.6,52.0,16.1,33.9,4.8,53.3,3.1,52.2,2.0,50.0,-1.0,0.0,3.0,42.9,0.4,18.3,13.3,-1.0,43.9,B,0.747894287,54.0,10650.0,113422500.0
61,Cyprus,1161000.0,Europe and Central Asia,4.2,5000.0,24.5,16.7,32.6,29.7,10.1,19.1,6.1,68.1,4.7,77.8,2.3,56.3,0.0,0.0,4.3,61.9,0.4,18.3,17.8,0.0,63.4,BBB,0.776198377,32.0,19499.0,380211001.0
62,Kazakhstan,17750000.0,Europe and Central Asia,4.2,75000.0,60.4,14.5,25.1,38.2,19.5,43.3,3.9,42.8,3.0,50.0,1.5,37.5,-1.0,0.0,1.8,26.2,0.0,0.0,10.2,-1.0,32.8,CCC,0.762266667,70.0,9398.0,88322404.0
63,Lesotho,2175000.0,Africa,4.2,9000.0,53.8,50.7,44.6,41.9,18.6,58.3,3.2,35.9,2.2,37.2,2.3,56.3,0.0,0.0,3.0,42.9,0.0,0.0,10.7,0.0,38.3,CCC,0.504158407,162.0,1106.0,1223236.0
64,Dominican Republic,10528000.0,Americas,4.0,42000.0,42.5,28.7,46.1,38.8,21.8,43.1,6.2,69.1,4.7,78.3,1.5,37.5,-1.0,0.0,4.8,69.0,0.0,0.0,17.3,-1.0,58.0,BB,0.590170542,102.0,7599.0,57744801.0
65,Latvia,1993000.0,Europe and Central Asia,3.9,8000.0,31.7,15.9,23.8,44.0,10.3,24.6,4.2,47.0,3.7,61.7,3.8,93.8,0.0,0.0,5.0,71.4,0.4,18.3,17.1,0.0,60.9,BBB,0.813187844,48.0,15190.0,230736100.0
66,Israel,8065000.0,Europe and Central Asia,3.9,31000.0,35.8,19.1,27.5,48.5,38.6,36.4,5.2,57.2,3.4,56.1,1.8,43.8,0.0,0.0,4.3,61.9,0.0,0.0,14.6,0.0,52.1,BB,0.85426783,19.0,43801.0,1918527601.0
67,Cuba,11461000.0,Americas,3.8,43000.0,60.2,25.9,37.6,47.8,17.3,52.4,1.2,13.0,0.9,15.0,0.8,18.8,0.0,0.0,3.0,42.9,0.0,0.0,5.8,0.0,20.8,CC,0.742877778,44.0,8450.0,71402500.0
68,Bangladesh,161201000.0,Asia and the Pacific,3.7,592000.0,54.1,38.4,25.7,20.9,45.3,50.0,3.9,43.1,3.8,63.3,2.8,68.8,-1.0,0.0,3.0,42.9,0.0,0.0,13.4,-1.0,44.4,B,0.446880445,142.0,1549.0,2399401.0
69,Hungary,9784000.0,Europe and Central Asia,3.7,36000.0,23.9,14.8,32.9,48.3,15.5,23.6,5.8,64.8,2.8,47.2,2.3,56.3,0.0,0.0,5.0,71.4,0.4,18.3,16.3,0.0,58.2,BB,0.804893768,43.0,14464.0,209207296.0
70,Estonia,1315000.0,Europe and Central Asia,3.6,5000.0,35.2,13.7,27.4,52.2,12.4,29.2,3.7,41.3,2.2,36.1,1.8,43.8,0.0,0.0,5.7,81.0,0.4,18.3,13.7,0.0,48.8,B,0.858533333,33.0,20425.0,417180625.0
71,Mali,17468000.0,Africa,3.6,62000.0,55.3,24.4,35.5,35.9,66.3,55.9,3.5,38.9,2.1,35.6,2.0,50.0,0.0,-1.0,2.0,28.6,0.0,0.0,9.6,-1.0,30.8,CCC,0.305180943,176.0,880.0,774400.0
72,Botswana,2209000.0,Africa,3.4,8000.0,43.3,37.9,37.3,37.6,9.7,42.1,2.9,32.2,2.7,45.6,1.5,37.5,-1.0,0.0,3.2,45.2,0.0,0.0,10.3,-1.0,33.2,CCC,0.619,109.0,7879.0,62078641.0
73,Singapore,5535000.0,Asia and the Pacific,3.4,19000.0,30.8,16.3,5.0,18.7,9.0,13.4,3.6,40.0,1.3,22.2,1.3,31.3,0.0,0.0,3.0,42.9,0.0,0.0,9.2,0.0,32.8,CCC,0.767777778,9.0,61764.0,3814791696.0
74,Bosnia and Herzegovina,3536000.0,Europe and Central Asia,3.4,12000.0,52.0,16.4,31.7,50.7,34.1,46.4,5.4,60.2,2.9,47.8,1.0,25.0,-1.0,0.0,5.3,76.2,0.0,0.0,14.6,-1.0,48.6,B,0.655318208,86.0,5113.0,26142769.0
75,Honduras,8961000.0,Americas,3.4,30000.0,55.5,26.5,58.9,36.5,32.7,55.5,2.5,27.6,1.5,25.6,2.5,62.5,0.0,0.0,3.8,54.8,0.0,0.0,10.4,0.0,37.0,CCC,0.504963149,129.0,2582.0,6666724.0
76,Poland,38265000.0,Europe and Central Asia,3.4,128000.0,24.5,13.7,27.5,59.6,13.6,24.4,4.8,53.3,2.5,42.2,2.8,68.8,0.0,0.0,4.8,69.0,0.2,8.3,15.1,0.0,53.9,BB,0.824699932,35.0,13756.0,189227536.0
77,Serbia,8851000.0,Europe and Central Asia,3.3,30000.0,39.1,15.2,31.6,40.9,27.5,33.9,5.8,63.9,4.5,75.0,2.3,56.3,0.0,0.0,4.8,69.0,0.0,0.0,17.3,0.0,61.9,BBB,0.695444444,77.0,4985.0,24850225.0
78,Namibia,2426000.0,Africa,3.3,8000.0,44.6,38.4,55.9,38.8,10.4,48.1,3.1,34.1,1.7,27.8,0.8,18.8,0.0,0.0,3.8,54.8,0.0,0.0,9.3,0.0,33.3,CCC,0.520188889,127.0,5252.0,27583504.0
79,Trinidad and Tobago,1360000.0,Americas,3.0,4000.0,38.6,13.0,62.4,47.8,13.7,39.1,6.1,67.2,3.0,50.0,1.3,31.3,-1.0,0.0,4.7,66.7,0.0,0.0,15.0,-1.0,49.9,B,0.700320689,64.0,16526.0,273108676.0
80,Guatemala,16252000.0,Americas,2.9,47000.0,51.0,25.8,58.1,40.9,27.4,52.1,3.8,42.2,1.5,25.6,2.5,62.5,0.0,0.0,4.8,69.0,0.0,0.0,12.7,0.0,45.2,B,0.483879889,125.0,4406.0,19412836.0
81,Nicaragua,6082000.0,Americas,2.9,18000.0,48.2,24.5,43.3,35.3,22.8,43.9,3.1,34.4,4.2,70.0,1.0,25.0,0.0,0.0,4.7,66.7,0.0,0.0,13.0,0.0,46.3,B,0.4839,132.0,2267.0,5139289.0
82,Czech Republic,10604000.0,Europe and Central Asia,2.9,31000.0,25.1,13.9,21.0,37.1,18.2,19.1,4.2,47.0,3.3,54.4,3.3,81.3,0.0,0.0,3.5,50.0,0.6,28.3,14.8,0.0,52.9,BB,0.866222222,28.0,20362.0,414611044.0
83,Senegal,14977000.0,Africa,2.9,43000.0,43.9,34.8,35.6,41.0,30.9,46.2,4.5,49.6,2.6,43.9,2.3,56.3,0.0,0.0,3.8,54.8,0.0,0.0,13.2,0.0,47.1,B,0.367811111,163.0,1402.0,1965604.0
84,South Africa,55291000.0,Africa,2.8,155000.0,46.7,38.3,61.0,36.9,26.9,53.8,4.8,53.7,3.7,61.7,1.8,43.8,-1.0,0.0,4.0,57.1,0.0,0.0,14.3,-1.0,47.4,B,0.695447164,118.0,6322.0,39967684.0
85,China,1397029000.0,Asia and the Pacific,2.8,3864000.0,61.4,20.5,26.9,32.4,44.2,50.6,2.1,23.5,1.8,29.4,1.8,43.8,-1.0,-1.0,3.7,52.4,0.4,18.3,9.7,-2.0,27.4,CC,0.609666667,91.0,8812.0,77651344.0
86,Barbados,284000.0,Americas,2.7,1000.0,47.6,14.3,52.5,47.8,9.2,41.9,4.8,53.3,1.6,26.1,1.5,37.5,0.0,0.0,3.2,45.2,0.0,0.0,11.0,0.0,39.4,CCC,0.739777778,59.0,17528.0,307230784.0
87,Colombia,48229000.0,Americas,2.7,131000.0,45.7,19.2,56.4,32.6,63.5,51.6,3.6,40.4,2.5,42.2,2.5,62.5,-1.0,-1.0,4.8,69.0,0.0,0.0,13.5,-2.0,41.1,B,0.602222411,98.0,6467.0,41822089.0
88,Mexico,125891000.0,Americas,2.7,341000.0,47.3,23.7,59.0,37.8,68.8,57.3,4.8,53.7,3.8,62.8,2.3,56.3,-1.0,0.0,4.8,69.0,0.0,0.0,15.7,-1.0,52.4,BB,0.637833108,71.0,9196.0,84566416.0
89,Algeria,39872000.0,Africa,2.7,106000.0,63.2,17.9,27.8,37.0,43.6,52.0,2.7,29.4,2.8,47.2,1.5,37.5,0.0,0.0,3.2,45.2,0.0,0.0,10.2,0.0,36.3,CCC,0.642588889,93.0,4198.0,17623204.0
90,Guyana,769000.0,Americas,2.6,2000.0,49.5,25.6,60.4,28.1,12.4,45.4,3.0,33.1,2.7,44.4,1.0,25.0,-1.0,0.0,3.2,45.2,0.0,0.0,9.8,-1.0,31.5,CCC,0.581655556,121.0,4623.0,21372129.0
91,Jamaica,2872000.0,Americas,2.6,7000.0,39.5,24.2,62.2,47.8,15.5,44.2,4.6,50.6,4.4,72.8,3.0,75.0,0.0,0.0,4.5,64.3,0.0,0.0,16.4,0.0,58.6,BB,0.668355556,96.0,5155.0,26574025.0
92,Peru,31377000.0,Americas,2.6,80000.0,44.3,24.7,48.0,38.2,27.5,44.3,6.8,75.9,2.5,42.2,2.5,62.5,-1.0,0.0,3.8,54.8,0.0,0.0,15.7,-1.0,52.5,BB,0.664337879,82.0,6725.0,45225625.0
93,El Salvador,6312000.0,Americas,2.5,16000.0,50.5,23.0,59.8,43.6,22.7,50.7,2.9,31.7,2.4,39.4,1.8,43.8,-1.0,0.0,4.5,64.3,0.0,0.0,11.5,-1.0,37.4,CCC,0.553261879,115.0,3957.0,15657849.0
94,Portugal,10418000.0,Europe and Central Asia,2.5,26000.0,12.2,15.6,31.7,20.7,9.7,8.5,5.6,62.6,4.2,69.4,2.8,68.8,0.0,0.0,5.8,83.3,0.2,8.3,18.6,0.0,66.3,BBB,0.727614636,41.0,21248.0,451477504.0
95,Morocco,34803000.0,Africa,2.4,85000.0,60.7,18.8,38.1,35.7,22.0,48.3,0.6,6.5,3.4,56.7,1.3,31.3,0.0,0.0,5.0,71.4,0.0,0.0,10.2,0.0,36.5,CCC,0.467855556,129.0,3152.0,9935104.0
96,Italy,59504000.0,Europe and Central Asia,2.4,145000.0,31.7,14.4,45.4,31.0,19.3,28.3,5.3,58.3,4.7,78.9,2.0,50.0,-1.0,0.0,5.8,83.3,0.5,26.7,18.4,-1.0,62.0,BBB,0.789505799,26.0,32969.0,1086954961.0
97,Ecuador,16144000.0,Americas,2.4,39000.0,46.0,23.0,46.4,29.1,23.0,41.3,5.5,61.1,3.3,55.6,1.5,37.5,-1.0,0.0,3.7,52.4,0.0,0.0,14.0,-1.0,46.4,B,0.5938375,98.0,6460.0,41731600.0
98,Spain,46398000.0,Europe and Central Asia,2.3,105000.0,17.2,18.3,33.5,15.1,14.2,12.8,7.1,79.3,3.9,65.6,2.5,62.5,0.0,0.0,5.2,73.8,0.0,0.0,18.7,0.0,66.9,BBB,0.794396973,27.0,28289.0,800267521.0
99,Suriname,553000.0,Americas,2.3,1000.0,55.5,10.7,50.8,28.1,16.3,42.1,2.2,24.3,0.3,5.6,1.3,31.3,0.0,0.0,3.8,54.8,0.0,0.0,7.6,0.0,27.1,CC,0.588380289,100.0,5805.0,33698025.0
100,Tunisia,11274000.0,Africa,2.2,25000.0,47.2,15.4,34.8,31.9,33.7,39.2,4.8,53.0,1.9,31.7,1.8,43.8,0.0,0.0,4.0,57.1,0.0,0.0,12.4,0.0,44.3,B,0.621455556,90.0,3530.0,12460900.0
101,Slovenia,2075000.0,Europe and Central Asia,2.2,5000.0,22.4,16.6,30.6,45.6,6.4,20.1,5.4,60.4,3.5,57.8,2.3,56.3,0.0,0.0,5.2,73.8,0.4,18.3,16.7,0.0,59.6,BB,0.863083331,25.0,23403.0,547700409.0
102,Oman,4200000.0,Arab States,2.1,9000.0,68.7,20.5,37.8,33.4,6.4,50.1,2.9,32.4,1.4,22.8,0.5,12.5,0.0,0.0,4.2,59.5,0.0,0.0,9.0,0.0,32.0,CCC,0.603279117,56.0,16810.0,282576100.0
103,Sri Lanka,20714000.0,Asia and the Pacific,2.1,44000.0,44.1,27.0,33.5,34.9,35.9,42.5,2.4,26.7,2.6,42.8,1.0,25.0,-1.0,0.0,5.5,78.6,0.0,0.0,11.5,-1.0,37.4,CCC,0.737777778,73.0,4221.0,17816841.0
104,Iceland,330000.0,Europe and Central Asia,2.1,1000.0,20.6,11.7,21.1,4.1,1.8,4.2,4.4,48.7,3.3,54.4,1.5,37.5,0.0,0.0,3.7,52.4,0.2,8.3,13.0,0.0,46.4,B,0.846866667,13.0,74207.0,5506678849.0
105,United Kingdom,65397000.0,Europe and Central Asia,2.1,136000.0,15.9,15.6,25.1,12.4,27.8,11.1,7.4,82.0,4.3,73.9,2.5,62.5,0.0,0.0,5.2,73.8,0.5,26.7,20.2,0.0,71.5,BBB*,0.860260145,14.0,40770.0,1662192900.0
106,Panama,3969000.0,Americas,2.1,8000.0,44.2,21.0,42.6,33.1,9.4,36.4,2.9,32.6,3.6,60.0,1.3,31.3,-1.0,0.0,5.5,78.6,0.0,0.0,13.3,-1.0,43.9,B,0.657411111,65.0,15676.0,245736976.0
107,Germany,81708000.0,Europe and Central Asia,2.0,167000.0,15.9,15.0,22.8,15.7,24.7,10.4,5.6,61.7,3.5,57.8,2.3,56.3,0.0,0.0,4.0,57.1,0.7,36.7,16.0,0.0,57.1,BB,0.884371952,6.0,44865.0,2012868225.0
108,Belgium,11288000.0,Europe and Central Asia,2.0,23000.0,20.0,15.0,29.9,19.3,12.3,13.1,6.5,72.2,3.2,53.9,3.5,87.5,0.0,0.0,5.2,73.8,0.7,36.7,19.1,0.0,68.3,BBB,0.812291688,21.0,44630.0,1991836900.0
109,France,64457000.0,Europe and Central Asia,2.0,129000.0,17.3,15.4,29.4,21.2,28.5,15.3,3.8,42.4,4.3,71.7,3.8,93.8,0.0,0.0,5.0,71.4,0.4,18.3,17.2,0.0,61.5,BBB,0.815549416,20.0,40262.0,1621028644.0
110,Saudi Arabia,31557000.0,Arab States,1.9,61000.0,63.2,21.9,30.1,14.2,32.2,46.3,2.9,32.4,2.6,42.8,1.5,37.5,-1.0,0.0,1.8,26.2,0.0,0.0,8.8,-1.0,27.9,CC,0.723174097,34.0,21820.0,476112400.0
111,Bahrain,1372000.0,Arab States,1.9,3000.0,63.0,25.8,34.5,24.0,25.4,49.6,5.0,55.2,2.2,37.2,0.8,18.8,-1.0,0.0,2.2,31.0,0.0,0.0,10.1,-1.0,32.6,CCC,0.713966667,44.0,25819.0,666620761.0
112,Norway,5200000.0,Europe and Central Asia,1.8,9000.0,15.7,17.8,13.1,9.4,10.8,4.5,6.1,68.1,5.0,82.8,2.3,56.3,0.0,0.0,5.2,73.8,0.2,10.0,18.7,0.0,66.8,BBB,0.909922222,1.0,76614.0,5869704996.0
113,Jordan,9159000.0,Arab States,1.8,17000.0,57.9,15.7,41.8,47.4,26.2,49.9,4.3,48.1,2.6,42.8,1.3,31.3,0.0,0.0,2.7,38.1,0.0,0.0,10.8,0.0,38.6,CCC,0.699725098,77.0,4445.0,19758025.0
114,Brazil,205962000.0,Americas,1.8,369000.0,43.1,13.6,56.2,19.8,24.0,36.4,3.5,38.9,2.9,47.8,3.5,87.5,0.0,0.0,5.2,73.8,0.5,26.7,15.6,0.0,55.6,BB,0.661305629,79.0,10016.0,100320256.0
115,Netherlands,16938000.0,Europe and Central Asia,1.8,30000.0,12.8,13.6,26.0,16.0,12.2,6.1,6.5,72.2,4.3,72.2,3.0,75.0,0.0,0.0,6.5,92.9,0.7,36.7,21.1,0.0,75.2,A,0.893532297,4.0,49231.0,2423691361.0
116,Austria,8679000.0,Europe and Central Asia,1.7,15000.0,12.6,12.2,18.2,23.5,3.1,3.4,6.6,72.8,3.7,61.1,2.8,68.8,0.0,0.0,4.3,61.9,0.4,18.3,17.7,0.0,63.1,BBB,0.794481027,21.0,48199.0,2323143601.0
117,Lebanon,5851000.0,Arab States,1.7,10000.0,59.1,22.6,48.1,44.8,47.8,58.9,3.1,33.9,1.8,30.0,1.3,31.3,0.0,0.0,2.7,38.1,0.0,0.0,8.8,0.0,31.3,CCC,0.630576124,65.0,9082.0,82482724.0
118,Switzerland,8320000.0,Europe and Central Asia,1.7,14000.0,11.6,12.2,15.2,20.1,4.9,1.5,6.0,66.7,3.6,60.6,1.5,37.5,0.0,0.0,5.7,81.0,0.0,0.0,16.8,0.0,60.0,BBB,0.844089209,3.0,81725.0,6678975625.0
119,Ireland,4700000.0,Europe and Central Asia,1.7,8000.0,17.2,17.0,24.3,10.9,20.1,10.4,5.9,65.9,2.5,42.2,2.5,62.5,0.0,0.0,4.8,69.0,0.4,18.3,16.2,0.0,57.7,BB,0.887066667,11.0,71418.0,5100530724.0
120,United Arab Emirates,9154000.0,Arab States,1.7,15000.0,47.9,15.1,24.7,7.8,11.9,26.8,5.7,63.0,2.5,41.1,2.3,56.3,0.0,0.0,3.0,42.9,0.0,0.0,13.4,0.0,47.8,B,0.673214954,40.0,42124.0,1774431376.0
121,Finland,5482000.0,Europe and Central Asia,1.7,9000.0,18.6,16.0,15.0,17.8,11.2,8.2,4.8,53.7,3.0,49.4,3.3,81.3,0.0,0.0,5.0,71.4,0.2,8.3,16.2,0.0,57.9,BB,0.815088889,24.0,46538.0,2165785444.0
122,Denmark,5689000.0,Europe and Central Asia,1.6,9000.0,8.7,15.3,13.8,15.2,12.5,1.0,5.6,62.6,3.4,56.1,2.0,50.0,0.0,0.0,4.8,69.0,0.6,28.3,16.4,0.0,58.6,BB,0.872826055,10.0,57904.0,3352873216.0
123,Paraguay,6639000.0,Americas,1.6,11000.0,38.3,21.0,64.7,32.7,22.7,40.9,2.4,26.1,3.4,56.7,1.5,37.5,-1.0,0.0,5.0,71.4,0.2,10.0,12.5,-1.0,40.9,B,0.587322222,111.0,5876.0,34527376.0
124,Sweden,9764000.0,Europe and Central Asia,1.6,15000.0,10.2,17.0,17.4,13.0,18.3,4.3,6.6,73.1,3.9,64.4,3.3,81.3,0.0,0.0,5.2,73.8,0.4,18.3,19.2,0.0,68.7,BBB,0.830134011,12.0,55410.0,3070268100.0
125,Qatar,2482000.0,Arab States,1.5,4000.0,56.3,13.8,29.5,33.4,7.0,37.7,4.8,53.0,1.9,31.7,1.3,31.3,-1.0,0.0,3.0,42.9,0.0,0.0,10.9,-1.0,35.4,CCC,0.685686747,31.0,67256.0,4523369536.0
126,Luxembourg,567000.0,Europe and Central Asia,1.5,1000.0,17.7,13.7,24.5,12.1,14.3,8.4,4.3,47.4,2.0,33.9,2.8,68.8,0.0,0.0,3.5,50.0,0.2,8.3,12.7,0.0,45.4,B,0.762111044,21.0,113196.0,12813334416.0
127,Kuwait,3936000.0,Arab States,1.5,6000.0,59.7,20.1,29.3,29.3,28.5,45.9,2.6,28.7,2.0,33.9,1.0,25.0,-1.0,0.0,3.2,45.2,0.0,0.0,8.8,-1.0,27.8,CC,0.645787499,46.0,30667.0,940464889.0
128,Argentina,43418000.0,Americas,1.3,55000.0,39.3,11.4,45.0,23.6,13.4,28.9,6.3,70.0,4.2,70.6,2.5,62.5,-1.0,0.0,5.5,78.6,0.0,0.0,18.5,-1.0,62.6,BBB,0.783355597,49.0,14803.0,219128809.0
129,United States,319929000.0,Americas,1.3,403000.0,18.3,18.2,30.3,15.6,28.6,15.9,8.3,92.6,4.5,75.6,2.3,56.3,0.0,-1.0,4.7,66.7,1.3,65.0,21.1,-1.0,71.7,BBB*,0.889759207,5.0,60905.0,3709419025.0
130,Costa Rica,4808000.0,Americas,1.3,6000.0,35.2,16.7,40.7,29.4,12.2,28.4,4.8,53.7,2.5,41.7,2.5,62.5,0.0,0.0,4.2,59.5,0.0,0.0,14.0,0.0,50.0,BB,0.653921604,68.0,12163.0,147938569.0
131,Uruguay,3432000.0,Americas,1.0,4000.0,31.9,13.5,34.3,15.4,9.5,19.7,3.7,40.6,3.0,49.4,2.0,50.0,0.0,0.0,5.5,78.6,0.0,0.0,14.1,0.0,50.4,BB,0.712262429,50.0,17346.0,300883716.0
132,Mauritius,1259000.0,Africa,1.0,1000.0,25.5,17.7,33.6,31.1,12.2,21.2,3.9,43.7,2.3,38.9,0.0,0.0,0.0,0.0,3.5,50.0,0.0,0.0,9.8,0.0,34.9,CCC,0.718096828,63.0,10532.0,110923024.0
133,Chile,17763000.0,Americas,0.8,14000.0,28.5,13.8,50.0,23.5,20.3,25.6,6.9,76.5,3.2,53.9,2.0,50.0,0.0,0.0,5.3,76.2,0.0,0.0,17.5,0.0,62.3,BBB,0.745675257,41.0,15597.0,243266409.0
134,Australia,23800000.0,Asia and the Pacific,0.6,15000.0,11.9,15.7,20.7,12.0,13.0,4.3,6.3,69.6,4.5,75.0,2.3,56.3,0.0,0.0,4.8,69.0,0.0,0.0,17.9,0.0,63.8,BBB,0.92653552,2.0,55888.0,3123468544.0
135,New Zealand,4615000.0,Asia and the Pacific,0.6,3000.0,12.2,18.4,16.2,7.0,7.0,1.9,4.8,53.7,2.9,47.8,1.8,43.8,0.0,0.0,6.7,95.2,0.0,0.0,16.1,0.0,57.6,BB,0.916766667,7.0,44511.0,1981229121.0
136,Canada,35950000.0,Americas,0.5,17000.0,16.6,20.7,20.1,9.2,21.5,10.2,4.7,52.4,4.4,72.8,3.0,75.0,0.0,0.0,4.3,61.9,0.0,0.0,16.4,0.0,58.6,BB,0.8503,8.0,45894.0,2106259236.0
137,Japan,127975000.0,Asia and the Pacific,0.3,37000.0,21.5,13.1,15.5,31.9,17.8,13.8,3.9,43.5,2.7,44.4,1.5,37.5,-1.0,0.0,3.2,45.2,0.0,0.0,11.3,-1.0,36.6,CCC,0.808,17.0,38030.0,1446280900.0
